"Uncontrolled data used in path expression","Accessing paths influenced by users can allow an attacker to access unexpected resources.","warning","This argument to a file access function is derived from [[""user input (argv)""|""relative:///profiles/cups/main.c:745:18:745:21""]] and then passed to open(__path)","/profiles/cups/main.c","745","18","745","24"
"Uncontrolled data used in path expression","Accessing paths influenced by users can allow an attacker to access unexpected resources.","warning","This argument to a file access function is derived from [[""user input (read)""|""relative:///src/rfkill.c:72:17:72:22""]] and then passed to open(__path)","/src/rfkill.c","99","12","99","18"
"Uncontrolled data used in path expression","Accessing paths influenced by users can allow an attacker to access unexpected resources.","warning","This argument to a file access function is derived from [[""user input (argv)""|""relative:///tools/bcmfw.c:149:16:149:19""]] and then passed to analyze_file(pathname), which calls open(__path)","/tools/bcmfw.c","149","16","149","22"
"Uncontrolled data used in path expression","Accessing paths influenced by users can allow an attacker to access unexpected resources.","warning","This argument to a file access function is derived from [[""user input (argv)""|""relative:///tools/btsnoop.c:566:45:566:48""]] and then passed to open_btsnoop(path), which calls open(__path)","/tools/btsnoop.c","138","21","138","27"
"Uncontrolled data used in path expression","Accessing paths influenced by users can allow an attacker to access unexpected resources.","warning","This argument to a file access function is derived from [[""user input (argv)""|""relative:///tools/hex2hcd.c:416:34:416:37""]] and then passed to ver_parse_entry(pathname), which calls open(__path)","/tools/hex2hcd.c","347","20","347","26"
"Uncontrolled data used in path expression","Accessing paths influenced by users can allow an attacker to access unexpected resources.","warning","This argument to a file access function is derived from [[""user input (argv)""|""relative:///tools/nokfw.c:232:16:232:19""]] and then passed to analyze_file(pathname), which calls open(__path)","/tools/nokfw.c","232","16","232","22"
"Uncontrolled data used in path expression","Accessing paths influenced by users can allow an attacker to access unexpected resources.","warning","This argument to a file access function is derived from [[""user input (argv)""|""relative:///tools/rtlfw.c:177:16:177:19""]] and then passed to analyze_file(pathname), which calls open(__path)","/tools/rtlfw.c","177","16","177","22"
"Uncontrolled data used in OS command","Using user-supplied data in an OS command, without neutralizing special elements, can make code vulnerable to command injection.","error","This argument to an OS command is derived from [[""user input (getenv)""|""relative:///monitor/display.c:109:10:109:15""]] and then passed to execl","/monitor/display.c","148","33","148","37"
"Uncontrolled process operation","Using externally controlled strings in a process operation can allow an attacker to execute malicious commands.","warning","The value of this argument may come from [[""call to getenv""|""relative:///monitor/display.c:109:10:109:15""]] and is being passed to execlp","/monitor/display.c","147","11","147","15"
"Unbounded write","Buffer write operations that do not control the length of data written may overflow.","error","This 'call to sprintf' with input from [[""... + ...""|""relative:///monitor/control.c:1351:23:1351:46""]] may overflow the destination.
This 'call to sprintf' with input from [[""... + ...""|""relative:///monitor/control.c:1094:23:1094:46""]] may overflow the destination.
This 'call to sprintf' with input from [[""data""|""relative:///src/shared/btsnoop.c:556:26:556:29""]] may overflow the destination.
This 'call to sprintf' with input from [[""data""|""relative:///src/shared/btsnoop.c:445:26:445:29""]] may overflow the destination.","/monitor/packet.c","11227","2","11227","8"
"Unbounded write","Buffer write operations that do not control the length of data written may overflow.","error","This 'call to sprintf' with input from [[""... + ...""|""relative:///monitor/control.c:1351:23:1351:46""]] may overflow the destination.
This 'call to sprintf' with input from [[""... + ...""|""relative:///monitor/control.c:1094:23:1094:46""]] may overflow the destination.
This 'call to sprintf' with input from [[""data""|""relative:///src/shared/btsnoop.c:556:26:556:29""]] may overflow the destination.
This 'call to sprintf' with input from [[""data""|""relative:///src/shared/btsnoop.c:445:26:445:29""]] may overflow the destination.","/monitor/packet.c","309","7","309","13"
"Unbounded write","Buffer write operations that do not control the length of data written may overflow.","error","This 'call to sprintf' with input from [[""... + ...""|""relative:///monitor/control.c:1351:23:1351:46""]] may overflow the destination.
This 'call to sprintf' with input from [[""... + ...""|""relative:///monitor/control.c:1351:23:1351:46""]] may overflow the destination.
This 'call to sprintf' with input from [[""... + ...""|""relative:///monitor/control.c:1094:23:1094:46""]] may overflow the destination.
This 'call to sprintf' with input from [[""... + ...""|""relative:///monitor/control.c:1094:23:1094:46""]] may overflow the destination.
This 'call to sprintf' with input from [[""data""|""relative:///src/shared/btsnoop.c:556:26:556:29""]] may overflow the destination.
This 'call to sprintf' with input from [[""data""|""relative:///src/shared/btsnoop.c:556:26:556:29""]] may overflow the destination.
This 'call to sprintf' with input from [[""data""|""relative:///src/shared/btsnoop.c:445:26:445:29""]] may overflow the destination.
This 'call to sprintf' with input from [[""data""|""relative:///src/shared/btsnoop.c:445:26:445:29""]] may overflow the destination.","/monitor/packet.c","397","6","397","12"
"Unbounded write","Buffer write operations that do not control the length of data written may overflow.","error","This 'call to sprintf' with input from [[""... + ...""|""relative:///monitor/control.c:1351:23:1351:46""]] may overflow the destination.
This 'call to sprintf' with input from [[""... + ...""|""relative:///monitor/control.c:1094:23:1094:46""]] may overflow the destination.
This 'call to sprintf' with input from [[""data""|""relative:///src/shared/btsnoop.c:556:26:556:29""]] may overflow the destination.
This 'call to sprintf' with input from [[""data""|""relative:///src/shared/btsnoop.c:445:26:445:29""]] may overflow the destination.","/monitor/packet.c","431","7","431","13"
"Potentially overrunning write","Buffer write operations that do not control the length of data written may overflow.","error","This 'call to sprintf' operation requires 26 bytes but the destination is only 25 bytes.","/monitor/packet.c","14614","2","14614","8"
"Potentially overrunning write","Buffer write operations that do not control the length of data written may overflow.","error","This 'call to sprintf' operation requires 26 bytes but the destination is only 25 bytes.","/monitor/packet.c","14520","2","14520","8"
"Potentially overrunning write","Buffer write operations that do not control the length of data written may overflow.","error","This 'call to sprintf' operation requires 19 bytes but the destination is only 16 bytes.","/monitor/packet.c","11702","2","11702","8"
"Potentially overrunning write","Buffer write operations that do not control the length of data written may overflow.","error","This 'call to sprintf' operation requires 19 bytes but the destination is only 16 bytes.","/monitor/packet.c","11655","2","11655","8"
"Potentially overrunning write","Buffer write operations that do not control the length of data written may overflow.","error","This 'call to sprintf' operation requires 19 bytes but the destination is only 16 bytes.","/monitor/packet.c","11606","2","11606","8"
"Potentially overrunning write","Buffer write operations that do not control the length of data written may overflow.","error","This 'call to sprintf' operation requires 33 bytes but the destination is only 25 bytes.","/monitor/packet.c","11462","2","11462","8"
"Potentially overrunning write","Buffer write operations that do not control the length of data written may overflow.","error","This 'call to sprintf' operation requires 18 bytes but the destination is only 16 bytes.","/monitor/packet.c","11269","2","11269","8"
"Potentially overrunning write","Buffer write operations that do not control the length of data written may overflow.","error","This 'call to sprintf' operation requires 35 bytes but the destination is only 24 bytes.","/monitor/packet.c","4062","3","4062","9"
"Potentially overrunning write","Buffer write operations that do not control the length of data written may overflow.","error","This 'sscanf string argument' operation requires 33 bytes but the destination is only 32 bytes.","/src/device.c","3633","32","3633","38"
"Potentially overrunning write","Buffer write operations that do not control the length of data written may overflow.","error","This 'call to sprintf' operation requires 11 bytes but the destination is only 9 bytes.","/src/device.c","408","3","408","9"
"Potentially overrunning write","Buffer write operations that do not control the length of data written may overflow.","error","This 'call to sprintf' operation requires 45 bytes but the destination is only 30 bytes.","/tools/l2test.c","896","6","896","12"
"Potentially overrunning write","Buffer write operations that do not control the length of data written may overflow.","error","This 'call to sprintf' operation requires 45 bytes but the destination is only 30 bytes.","/tools/rctest.c","503","6","503","12"
"Potentially overrunning write","Buffer write operations that do not control the length of data written may overflow.","error","This 'call to sprintf' operation requires 33 bytes but the destination is only 32 bytes.","/tools/test-runner.c","277","3","277","9"
"Unclear validation of array index","Accessing an array without first checking that the index is within the bounds of the array can cause undefined behavior and can also be a security risk.","warning","[[""User-provided value""|""relative:///tools/btproxy.c:302:29:302:61""]] flows to here and is used in an array indexing expression, potentially causing an invalid access.","/tools/btproxy.c","319","30","319","37"
"User-controlled data may not be null terminated","String operations on user-controlled strings can result in buffer overflow or buffer over-read.","warning","[[""User-provided value""|""relative:///src/shared/btsnoop.c:556:26:556:29""]] flows to here and may not be null terminated.
[[""User-provided value""|""relative:///src/shared/btsnoop.c:445:26:445:29""]] flows to here and may not be null terminated.","/monitor/packet.c","11771","31","11771","34"
"User-controlled data may not be null terminated","String operations on user-controlled strings can result in buffer overflow or buffer over-read.","warning","[[""User-provided value""|""relative:///src/shared/btsnoop.c:556:26:556:29""]] flows to here and may not be null terminated.
[[""User-provided value""|""relative:///src/shared/btsnoop.c:445:26:445:29""]] flows to here and may not be null terminated.","/monitor/packet.c","404","34","404","38"
"User-controlled data may not be null terminated","String operations on user-controlled strings can result in buffer overflow or buffer over-read.","warning","[[""User-provided value""|""relative:///src/shared/btsnoop.c:556:26:556:29""]] flows to here and may not be null terminated.
[[""User-provided value""|""relative:///src/shared/btsnoop.c:445:26:445:29""]] flows to here and may not be null terminated.","/monitor/packet.c","130","32","130","35"
"Comparison of narrow type with wide type in loop condition","Comparisons between types of different widths in a loop condition can cause the loop to behave unexpectedly.","warning","Comparison between [[""i""|""relative:///src/main.c:346:11:346:11""]] of type uint16_t and [[""params_len""|""relative:///src/main.c:344:12:344:21""]] of wider type size_t.","/src/main.c","351","14","351","27"
"Comparison of narrow type with wide type in loop condition","Comparisons between types of different widths in a loop condition can cause the loop to behave unexpectedly.","warning","Comparison between [[""parsed_len""|""relative:///src/shared/ad.c:71:11:71:20""]] of type uint16_t and [[""... - ...""|""relative:///src/shared/ad.c:80:22:80:28""]] of wider type unsigned long.","/src/shared/ad.c","80","9","80","28"
"Comparison of narrow type with wide type in loop condition","Comparisons between types of different widths in a loop condition can cause the loop to behave unexpectedly.","warning","Comparison between [[""parsed""|""relative:///tools/btmgmt.c:595:10:595:15""]] of type uint8_t and [[""... - ...""|""relative:///tools/btmgmt.c:600:18:600:28""]] of wider type int.","/tools/btmgmt.c","600","9","600","28"
"Comparison of narrow type with wide type in loop condition","Comparisons between types of different widths in a loop condition can cause the loop to behave unexpectedly.","warning","Comparison between [[""parsed""|""relative:///tools/btmgmt.c:567:10:567:15""]] of type uint8_t and [[""... - ...""|""relative:///tools/btmgmt.c:572:18:572:28""]] of wider type int.","/tools/btmgmt.c","572","9","572","28"
"Potential integer arithmetic overflow","A user-controlled integer arithmetic expression that is not validated can cause overflows.","warning","[[""User-provided value""|""relative:///profiles/cups/main.c:761:8:761:11""]] flows to here and is used in an expression which might overflow.
[[""User-provided value""|""relative:///tools/avinfo.c:945:9:945:12""]] flows to here and is used in an expression which might overflow.
[[""User-provided value""|""relative:///tools/avtest.c:820:10:820:13""]] flows to here and is used in an expression which might overflow.
[[""User-provided value""|""relative:///tools/bdaddr.c:413:9:413:12""]] flows to here and is used in an expression which might overflow.
[[""User-provided value""|""relative:///tools/btmgmt.c:220:53:220:57""]] flows to here and is used in an expression which might overflow.
[[""User-provided value""|""relative:///tools/l2ping.c:309:7:309:10""]] flows to here and is used in an expression which might overflow.
[[""User-provided value""|""relative:///tools/l2test.c:1595:20:1595:23""]] flows to here and is used in an expression which might overflow.
[[""User-provided value""|""relative:///tools/l2test.c:1606:20:1606:23""]] flows to here and is used in an expression which might overflow.
[[""User-provided value""|""relative:///tools/l2test.c:1617:19:1617:22""]] flows to here and is used in an expression which might overflow.
[[""User-provided value""|""relative:///tools/l2test.c:1621:38:1621:41""]] flows to here and is used in an expression which might overflow.
[[""User-provided value""|""relative:///tools/l2test.c:1625:17:1625:20""]] flows to here and is used in an expression which might overflow.
[[""User-provided value""|""relative:///tools/l2test.c:1629:20:1629:23""]] flows to here and is used in an expression which might overflow.
[[""User-provided value""|""relative:///tools/l2test.c:1644:20:1644:23""]] flows to here and is used in an expression which might overflow.
[[""User-provided value""|""relative:///tools/l2test.c:1652:17:1652:20""]] flows to here and is used in an expression which might overflow.
[[""User-provided value""|""relative:///tools/l2test.c:1656:15:1656:18""]] flows to here and is used in an expression which might overflow.
[[""User-provided value""|""relative:///tools/rctest.c:856:20:856:23""]] flows to here and is used in an expression which might overflow.
[[""User-provided value""|""relative:///tools/rctest.c:867:20:867:23""]] flows to here and is used in an expression which might overflow.
[[""User-provided value""|""relative:///tools/rctest.c:878:19:878:22""]] flows to here and is used in an expression which might overflow.
[[""User-provided value""|""relative:///tools/rctest.c:882:38:882:41""]] flows to here and is used in an expression which might overflow.
[[""User-provided value""|""relative:///tools/rctest.c:886:20:886:23""]] flows to here and is used in an expression which might overflow.
[[""User-provided value""|""relative:///tools/scotest.c:485:14:485:17""]] flows to here and is used in an expression which might overflow.
[[""User-provided value""|""relative:///tools/scotest.c:489:19:489:22""]] flows to here and is used in an expression which might overflow.
[[""User-provided value""|""relative:///tools/scotest.c:493:23:493:26""]] flows to here and is used in an expression which might overflow.
[[""User-provided value""|""relative:///tools/scotest.c:497:20:497:23""]] flows to here and is used in an expression which might overflow.","/lib/bluetooth.c","88","14","88","19"
"Potential integer arithmetic overflow","A user-controlled integer arithmetic expression that is not validated can cause overflows.","warning","[[""User-provided value""|""relative:///src/shared/btsnoop.c:556:26:556:29""]] flows to here and is used in an expression which might overflow.
[[""User-provided value""|""relative:///src/shared/btsnoop.c:445:26:445:29""]] flows to here and is used in an expression which might overflow.","/monitor/analyze.c","584","31","584","63"
"Potential integer arithmetic overflow","A user-controlled integer arithmetic expression that is not validated can cause overflows.","warning","[[""User-provided value""|""relative:///src/shared/btsnoop.c:556:26:556:29""]] flows to here and is used in an expression which might overflow.
[[""User-provided value""|""relative:///src/shared/btsnoop.c:445:26:445:29""]] flows to here and is used in an expression which might overflow.","/monitor/analyze.c","479","3","479","28"
"Potential integer arithmetic overflow","A user-controlled integer arithmetic expression that is not validated can cause overflows.","warning","[[""User-provided value""|""relative:///monitor/control.c:1351:23:1351:46""]] flows to here and is used in an expression which might overflow.","/monitor/control.c","1356","2","1356","20"
"Potential integer arithmetic overflow","A user-controlled integer arithmetic expression that is not validated can cause overflows.","warning","[[""User-provided value""|""relative:///monitor/control.c:1351:23:1351:46""]] flows to here and is used in an expression which might overflow negatively.","/monitor/control.c","1333","3","1333","30"
"Potential integer arithmetic overflow","A user-controlled integer arithmetic expression that is not validated can cause overflows.","warning","[[""User-provided value""|""relative:///monitor/control.c:1351:23:1351:46""]] flows to here and is used in an expression which might overflow.","/monitor/control.c","1278","18","1278","29"
"Potential integer arithmetic overflow","A user-controlled integer arithmetic expression that is not validated can cause overflows.","warning","[[""User-provided value""|""relative:///monitor/control.c:1351:23:1351:46""]] flows to here and is used in an expression which might overflow.","/monitor/control.c","1218","2","1218","17"
"Potential integer arithmetic overflow","A user-controlled integer arithmetic expression that is not validated can cause overflows.","warning","[[""User-provided value""|""relative:///monitor/control.c:1094:23:1094:46""]] flows to here and is used in an expression which might overflow.","/monitor/control.c","1099","2","1099","20"
"Potential integer arithmetic overflow","A user-controlled integer arithmetic expression that is not validated can cause overflows.","warning","[[""User-provided value""|""relative:///monitor/control.c:1094:23:1094:46""]] flows to here and is used in an expression which might overflow negatively.","/monitor/control.c","1115","3","1115","40"
"Potential integer arithmetic overflow","A user-controlled integer arithmetic expression that is not validated can cause overflows.","warning","[[""User-provided value""|""relative:///monitor/control.c:1094:23:1094:46""]] flows to here and is used in an expression which might overflow negatively.","/monitor/ll.c","775","28","775","35"
"Potential integer arithmetic overflow","A user-controlled integer arithmetic expression that is not validated can cause overflows.","warning","[[""User-provided value""|""relative:///monitor/control.c:1094:23:1094:46""]] flows to here and is used in an expression which might overflow negatively.","/monitor/ll.c","782","29","782","36"
"Potential integer arithmetic overflow","A user-controlled integer arithmetic expression that is not validated can cause overflows.","warning","[[""User-provided value""|""relative:///monitor/control.c:1094:23:1094:46""]] flows to here and is used in an expression which might overflow negatively.","/monitor/ll.c","788","29","788","36"
"Potential integer arithmetic overflow","A user-controlled integer arithmetic expression that is not validated can cause overflows.","warning","[[""User-provided value""|""relative:///monitor/control.c:1351:23:1351:46""]] flows to here and is used in an expression which might overflow.
[[""User-provided value""|""relative:///monitor/control.c:1094:23:1094:46""]] flows to here and is used in an expression which might overflow.
[[""User-provided value""|""relative:///src/shared/btsnoop.c:556:26:556:29""]] flows to here and is used in an expression which might overflow.
[[""User-provided value""|""relative:///src/shared/btsnoop.c:445:26:445:29""]] flows to here and is used in an expression which might overflow.","/monitor/lmp.c","839","8","839","41"
"Potential integer arithmetic overflow","A user-controlled integer arithmetic expression that is not validated can cause overflows.","warning","[[""User-provided value""|""relative:///monitor/control.c:1351:23:1351:46""]] flows to here and is used in an expression which might overflow.
[[""User-provided value""|""relative:///monitor/control.c:1094:23:1094:46""]] flows to here and is used in an expression which might overflow.
[[""User-provided value""|""relative:///src/shared/btsnoop.c:556:26:556:29""]] flows to here and is used in an expression which might overflow.
[[""User-provided value""|""relative:///src/shared/btsnoop.c:445:26:445:29""]] flows to here and is used in an expression which might overflow.","/monitor/lmp.c","840","11","840","51"
"Potential integer arithmetic overflow","A user-controlled integer arithmetic expression that is not validated can cause overflows.","warning","[[""User-provided value""|""relative:///monitor/control.c:1351:23:1351:46""]] flows to here and is used in an expression which might overflow.
[[""User-provided value""|""relative:///monitor/control.c:1094:23:1094:46""]] flows to here and is used in an expression which might overflow.
[[""User-provided value""|""relative:///src/shared/btsnoop.c:556:26:556:29""]] flows to here and is used in an expression which might overflow.
[[""User-provided value""|""relative:///src/shared/btsnoop.c:445:26:445:29""]] flows to here and is used in an expression which might overflow.","/monitor/lmp.c","851","12","851","48"
"Potential integer arithmetic overflow","A user-controlled integer arithmetic expression that is not validated can cause overflows.","warning","[[""User-provided value""|""relative:///monitor/control.c:1351:23:1351:46""]] flows to here and is used in an expression which might overflow negatively.
[[""User-provided value""|""relative:///monitor/control.c:1094:23:1094:46""]] flows to here and is used in an expression which might overflow negatively.
[[""User-provided value""|""relative:///src/shared/btsnoop.c:556:26:556:29""]] flows to here and is used in an expression which might overflow negatively.
[[""User-provided value""|""relative:///src/shared/btsnoop.c:445:26:445:29""]] flows to here and is used in an expression which might overflow negatively.","/monitor/packet.c","11769","3","11769","19"
"Potential integer arithmetic overflow","A user-controlled integer arithmetic expression that is not validated can cause overflows.","warning","[[""User-provided value""|""relative:///monitor/control.c:1351:23:1351:46""]] flows to here and is used in an expression which might overflow.
[[""User-provided value""|""relative:///monitor/control.c:1094:23:1094:46""]] flows to here and is used in an expression which might overflow.
[[""User-provided value""|""relative:///src/shared/btsnoop.c:556:26:556:29""]] flows to here and is used in an expression which might overflow.
[[""User-provided value""|""relative:///src/shared/btsnoop.c:445:26:445:29""]] flows to here and is used in an expression which might overflow.","/monitor/packet.c","11623","37","11623","43"
"Potential integer arithmetic overflow","A user-controlled integer arithmetic expression that is not validated can cause overflows.","warning","[[""User-provided value""|""relative:///monitor/control.c:1351:23:1351:46""]] flows to here and is used in an expression which might overflow.
[[""User-provided value""|""relative:///monitor/control.c:1094:23:1094:46""]] flows to here and is used in an expression which might overflow.
[[""User-provided value""|""relative:///src/shared/btsnoop.c:556:26:556:29""]] flows to here and is used in an expression which might overflow.
[[""User-provided value""|""relative:///src/shared/btsnoop.c:445:26:445:29""]] flows to here and is used in an expression which might overflow.","/monitor/packet.c","11391","32","11391","38"
"Potential integer arithmetic overflow","A user-controlled integer arithmetic expression that is not validated can cause overflows.","warning","[[""User-provided value""|""relative:///monitor/control.c:1094:23:1094:46""]] flows to here and is used in an expression which might overflow.","/monitor/packet.c","11276","26","11276","29"
"Potential integer arithmetic overflow","A user-controlled integer arithmetic expression that is not validated can cause overflows.","warning","[[""User-provided value""|""relative:///monitor/control.c:1351:23:1351:46""]] flows to here and is used in an expression which might overflow.
[[""User-provided value""|""relative:///monitor/control.c:1094:23:1094:46""]] flows to here and is used in an expression which might overflow.
[[""User-provided value""|""relative:///src/shared/btsnoop.c:556:26:556:29""]] flows to here and is used in an expression which might overflow.
[[""User-provided value""|""relative:///src/shared/btsnoop.c:445:26:445:29""]] flows to here and is used in an expression which might overflow.","/monitor/packet.c","3874","24","3874","53"
"Potential integer arithmetic overflow","A user-controlled integer arithmetic expression that is not validated can cause overflows.","warning","[[""User-provided value""|""relative:///profiles/cups/main.c:761:8:761:11""]] flows to here and is used in an expression which might overflow.","/profiles/cups/main.c","764","20","764","25"
"Potential integer arithmetic overflow","A user-controlled integer arithmetic expression that is not validated can cause overflows.","warning","[[""User-provided value""|""relative:///profiles/input/device.c:518:17:518:20""]] flows to here and is used in an expression which might overflow.","/profiles/input/device.c","530","9","530","36"
"Potential integer arithmetic overflow","A user-controlled integer arithmetic expression that is not validated can cause overflows.","warning","[[""User-provided value""|""relative:///profiles/input/device.c:518:17:518:20""]] flows to here and is used in an expression which might overflow.","/profiles/input/device.c","531","10","531","37"
"Potential integer arithmetic overflow","A user-controlled integer arithmetic expression that is not validated can cause overflows.","warning","[[""User-provided value""|""relative:///profiles/network/server.c:322:15:322:20""]] flows to here and is used in an expression which might overflow.
[[""User-provided value""|""relative:///tools/bneptest.c:318:15:318:20""]] flows to here and is used in an expression which might overflow.","/profiles/network/bnep.c","505","29","505","32"
"Potential integer arithmetic overflow","A user-controlled integer arithmetic expression that is not validated can cause overflows.","warning","[[""User-provided value""|""relative:///src/shared/btsnoop.c:378:26:378:29""]] flows to here and is used in an expression which might overflow.","/src/shared/btsnoop.c","388","12","388","49"
"Potential integer arithmetic overflow","A user-controlled integer arithmetic expression that is not validated can cause overflows.","warning","[[""User-provided value""|""relative:///tools/btproxy.c:302:29:302:61""]] flows to here and is used in an expression which might overflow.","/src/shared/ecc.c","811","7","811","30"
"Potential integer arithmetic overflow","A user-controlled integer arithmetic expression that is not validated can cause overflows.","warning","[[""User-provided value""|""relative:///tools/btproxy.c:302:29:302:61""]] flows to here and is used in an expression which might overflow.","/src/shared/ecc.c","812","7","812","30"
"Potential integer arithmetic overflow","A user-controlled integer arithmetic expression that is not validated can cause overflows.","warning","[[""User-provided value""|""relative:///tools/btproxy.c:302:29:302:61""]] flows to here and is used in an expression which might overflow.","/src/shared/ecc.c","813","7","813","31"
"Potential integer arithmetic overflow","A user-controlled integer arithmetic expression that is not validated can cause overflows.","warning","[[""User-provided value""|""relative:///tools/btproxy.c:302:29:302:61""]] flows to here and is used in an expression which might overflow.","/src/shared/ecc.c","814","7","814","31"
"Potential integer arithmetic overflow","A user-controlled integer arithmetic expression that is not validated can cause overflows.","warning","[[""User-provided value""|""relative:///tools/btproxy.c:302:29:302:61""]] flows to here and is used in an expression which might overflow.","/src/shared/ecc.c","815","7","815","31"
"Potential integer arithmetic overflow","A user-controlled integer arithmetic expression that is not validated can cause overflows.","warning","[[""User-provided value""|""relative:///tools/btproxy.c:302:29:302:61""]] flows to here and is used in an expression which might overflow.","/src/shared/ecc.c","816","7","816","31"
"Potential integer arithmetic overflow","A user-controlled integer arithmetic expression that is not validated can cause overflows.","warning","[[""User-provided value""|""relative:///tools/btproxy.c:302:29:302:61""]] flows to here and is used in an expression which might overflow.","/src/shared/ecc.c","817","7","817","31"
"Potential integer arithmetic overflow","A user-controlled integer arithmetic expression that is not validated can cause overflows.","warning","[[""User-provided value""|""relative:///tools/btproxy.c:302:29:302:61""]] flows to here and is used in an expression which might overflow.","/src/shared/ecc.c","818","7","818","31"
"Potential integer arithmetic overflow","A user-controlled integer arithmetic expression that is not validated can cause overflows.","warning","[[""User-provided value""|""relative:///src/shared/mainloop-notify.c:132:20:132:22""]] flows to here and is used in an expression which might overflow.","/src/shared/mainloop-notify.c","137","17","137","25"
"Potential integer arithmetic overflow","A user-controlled integer arithmetic expression that is not validated can cause overflows.","warning","[[""User-provided value""|""relative:///src/shared/mainloop-notify.c:87:18:87:23""]] flows to here and is used in an expression which might overflow.","/src/shared/mainloop-notify.c","91","9","91","34"
"Potential integer arithmetic overflow","A user-controlled integer arithmetic expression that is not validated can cause overflows.","warning","[[""User-provided value""|""relative:///src/shared/mainloop-notify.c:87:18:87:23""]] flows to here and is used in an expression which might overflow.","/src/shared/mainloop-notify.c","95","25","95","52"
"Potential integer arithmetic overflow","A user-controlled integer arithmetic expression that is not validated can cause overflows.","warning","[[""User-provided value""|""relative:///src/shared/mainloop-notify.c:87:18:87:23""]] flows to here and is used in an expression which might overflow.","/src/shared/mainloop.c","253","21","253","31"
"Potential integer arithmetic overflow","A user-controlled integer arithmetic expression that is not validated can cause overflows.","warning","[[""User-provided value""|""relative:///src/shared/mainloop-notify.c:87:18:87:23""]] flows to here and is used in an expression which might overflow.","/src/shared/mainloop.c","259","37","259","46"
"Potential integer arithmetic overflow","A user-controlled integer arithmetic expression that is not validated can cause overflows.","warning","[[""User-provided value""|""relative:///src/shared/pcap.c:182:30:182:33""]] flows to here and is used in an expression which might overflow negatively.","/src/shared/pcap.c","202","36","202","57"
"Potential integer arithmetic overflow","A user-controlled integer arithmetic expression that is not validated can cause overflows.","warning","[[""User-provided value""|""relative:///tools/btproxy.c:432:28:432:58""]] flows to here and is used in an expression which might overflow.
[[""User-provided value""|""relative:///tools/btproxy.c:302:29:302:61""]] flows to here and is used in an expression which might overflow.","/src/shared/util.c","86","24","86","53"
"Potential integer arithmetic overflow","A user-controlled integer arithmetic expression that is not validated can cause overflows.","warning","[[""User-provided value""|""relative:///tools/avinfo.c:752:17:752:20""]] flows to here and is used in an expression which might overflow.","/tools/avinfo.c","772","17","772","20"
"Potential integer arithmetic overflow","A user-controlled integer arithmetic expression that is not validated can cause overflows.","warning","[[""User-provided value""|""relative:///tools/btproxy.c:432:28:432:58""]] flows to here and is used in an expression which might overflow.","/tools/btproxy.c","447","2","447","22"
"Potential integer arithmetic overflow","A user-controlled integer arithmetic expression that is not validated can cause overflows.","warning","[[""User-provided value""|""relative:///tools/btproxy.c:432:28:432:58""]] flows to here and is used in an expression which might overflow.","/tools/btproxy.c","466","12","466","60"
"Potential integer arithmetic overflow","A user-controlled integer arithmetic expression that is not validated can cause overflows.","warning","[[""User-provided value""|""relative:///tools/btproxy.c:432:28:432:58""]] flows to here and is used in an expression which might overflow.","/tools/btproxy.c","480","12","480","60"
"Potential integer arithmetic overflow","A user-controlled integer arithmetic expression that is not validated can cause overflows.","warning","[[""User-provided value""|""relative:///tools/btproxy.c:432:28:432:58""]] flows to here and is used in an expression which might overflow negatively.","/tools/btproxy.c","500","3","500","26"
"Potential integer arithmetic overflow","A user-controlled integer arithmetic expression that is not validated can cause overflows.","warning","[[""User-provided value""|""relative:///tools/btproxy.c:302:29:302:61""]] flows to here and is used in an expression which might overflow.","/tools/btproxy.c","327","2","327","23"
"Potential integer arithmetic overflow","A user-controlled integer arithmetic expression that is not validated can cause overflows.","warning","[[""User-provided value""|""relative:///tools/btproxy.c:302:29:302:61""]] flows to here and is used in an expression which might overflow.","/tools/btproxy.c","346","12","346","60"
"Potential integer arithmetic overflow","A user-controlled integer arithmetic expression that is not validated can cause overflows.","warning","[[""User-provided value""|""relative:///tools/btproxy.c:302:29:302:61""]] flows to here and is used in an expression which might overflow.","/tools/btproxy.c","360","12","360","60"
"Potential integer arithmetic overflow","A user-controlled integer arithmetic expression that is not validated can cause overflows.","warning","[[""User-provided value""|""relative:///tools/btproxy.c:302:29:302:61""]] flows to here and is used in an expression which might overflow negatively.","/tools/btproxy.c","384","3","384","27"
"Potential integer arithmetic overflow","A user-controlled integer arithmetic expression that is not validated can cause overflows.","warning","[[""User-provided value""|""relative:///tools/btsnoop.c:438:17:438:19""]] flows to here and is used in an expression which might overflow.","/tools/btsnoop.c","472","18","472","28"
"Potential integer arithmetic overflow","A user-controlled integer arithmetic expression that is not validated can cause overflows.","warning","[[""User-provided value""|""relative:///tools/btsnoop.c:291:17:291:19""]] flows to here and is used in an expression which might overflow negatively.","/tools/btsnoop.c","303","14","303","24"
"User-controlled data in arithmetic expression","Arithmetic operations on user-controlled data that is not validated can cause overflows.","warning","[[""User-provided value""|""relative:///monitor/control.c:1351:23:1351:46""]] flows to here and is used in arithmetic, potentially causing an overflow.","/monitor/control.c","1219","3","1219","7"
"User-controlled data in arithmetic expression","Arithmetic operations on user-controlled data that is not validated can cause overflows.","warning","[[""User-provided value""|""relative:///monitor/control.c:1351:23:1351:46""]] flows to here and is used in arithmetic, potentially causing an overflow.
[[""User-provided value""|""relative:///monitor/control.c:1094:23:1094:46""]] flows to here and is used in arithmetic, potentially causing an overflow.
[[""User-provided value""|""relative:///src/shared/btsnoop.c:556:26:556:29""]] flows to here and is used in arithmetic, potentially causing an overflow.
[[""User-provided value""|""relative:///src/shared/btsnoop.c:445:26:445:29""]] flows to here and is used in arithmetic, potentially causing an overflow.","/monitor/l2cap.c","2054","17","2054","27"
"User-controlled data in arithmetic expression","Arithmetic operations on user-controlled data that is not validated can cause overflows.","warning","[[""User-provided value""|""relative:///monitor/control.c:1351:23:1351:46""]] flows to here and is used in arithmetic, potentially causing an overflow.
[[""User-provided value""|""relative:///monitor/control.c:1094:23:1094:46""]] flows to here and is used in arithmetic, potentially causing an overflow.
[[""User-provided value""|""relative:///src/shared/btsnoop.c:556:26:556:29""]] flows to here and is used in arithmetic, potentially causing an overflow.
[[""User-provided value""|""relative:///src/shared/btsnoop.c:445:26:445:29""]] flows to here and is used in arithmetic, potentially causing an overflow.","/monitor/packet.c","4045","6","4045","23"
"User-controlled data in arithmetic expression","Arithmetic operations on user-controlled data that is not validated can cause overflows.","warning","[[""User-provided value""|""relative:///monitor/control.c:1094:23:1094:46""]] flows to here and is used in arithmetic, potentially causing an underflow.","/monitor/packet.c","4046","6","4046","9"
"User-controlled data in arithmetic expression","Arithmetic operations on user-controlled data that is not validated can cause overflows.","warning","[[""User-provided value""|""relative:///profiles/cups/main.c:761:8:761:11""]] flows to here and is used in arithmetic, potentially causing an overflow.","/profiles/cups/main.c","761","8","761","14"
"User-controlled data in arithmetic expression","Arithmetic operations on user-controlled data that is not validated can cause overflows.","warning","[[""User-provided value""|""relative:///src/sdpd-server.c:165:17:165:19""]] flows to here and is used in arithmetic, potentially causing an overflow.","/src/sdpd-service.c","731","21","731","39"
"User-controlled data in arithmetic expression","Arithmetic operations on user-controlled data that is not validated can cause overflows.","warning","[[""User-provided value""|""relative:///src/sdpd-server.c:165:17:165:19""]] flows to here and is used in arithmetic, potentially causing an overflow.","/src/sdpd-service.c","731","21","731","58"
"User-controlled data in arithmetic expression","Arithmetic operations on user-controlled data that is not validated can cause overflows.","warning","[[""User-provided value""|""relative:///src/shared/btsnoop.c:378:26:378:29""]] flows to here and is used in arithmetic, potentially causing an overflow.","/src/shared/btsnoop.c","388","12","388","27"
"User-controlled data in arithmetic expression","Arithmetic operations on user-controlled data that is not validated can cause overflows.","warning","[[""User-provided value""|""relative:///src/shared/pcap.c:182:30:182:33""]] flows to here and is used in arithmetic, potentially causing an underflow.","/src/shared/pcap.c","202","36","202","41"
"User-controlled data in arithmetic expression","Arithmetic operations on user-controlled data that is not validated can cause overflows.","warning","[[""User-provided value""|""relative:///src/shared/pcap.c:182:30:182:33""]] flows to here and is used in arithmetic, potentially causing an underflow.","/src/shared/pcap.c","218","10","218","15"
"User-controlled data in arithmetic expression","Arithmetic operations on user-controlled data that is not validated can cause overflows.","warning","[[""User-provided value""|""relative:///tools/btinfo.c:323:31:323:34""]] flows to here and is used in arithmetic, potentially causing an overflow.","/tools/btinfo.c","323","31","323","43"
"User-controlled data in arithmetic expression","Arithmetic operations on user-controlled data that is not validated can cause overflows.","warning","[[""User-provided value""|""relative:///tools/btproxy.c:302:29:302:61""]] flows to here and is used in arithmetic, potentially causing an overflow.","/tools/btproxy.c","323","5","323","37"
"User-controlled data in arithmetic expression","Arithmetic operations on user-controlled data that is not validated can cause overflows.","warning","[[""User-provided value""|""relative:///tools/btproxy.c:432:28:432:58""]] flows to here and is used in arithmetic, potentially causing an overflow.","/tools/btproxy.c","242","8","242","14"
"User-controlled data in arithmetic expression","Arithmetic operations on user-controlled data that is not validated can cause overflows.","warning","[[""User-provided value""|""relative:///tools/btproxy.c:432:28:432:58""]] flows to here and is used in arithmetic, potentially causing an overflow.","/tools/btproxy.c","246","10","246","16"
"User-controlled data in arithmetic expression","Arithmetic operations on user-controlled data that is not validated can cause overflows.","warning","[[""User-provided value""|""relative:///tools/btproxy.c:432:28:432:58""]] flows to here and is used in arithmetic, potentially causing an overflow.","/tools/btproxy.c","246","10","246","31"
"User-controlled data in arithmetic expression","Arithmetic operations on user-controlled data that is not validated can cause overflows.","warning","[[""User-provided value""|""relative:///tools/btproxy.c:302:29:302:61""]] flows to here and is used in arithmetic, potentially causing an overflow.","/tools/btproxy.c","177","10","177","16"
"User-controlled data in arithmetic expression","Arithmetic operations on user-controlled data that is not validated can cause overflows.","warning","[[""User-provided value""|""relative:///tools/btproxy.c:302:29:302:61""]] flows to here and is used in arithmetic, potentially causing an overflow.","/tools/btproxy.c","204","9","204","15"
"Time-of-check time-of-use filesystem race condition","Separately checking the state of a file before operating on it may allow an attacker to modify the file between the two operations.","warning","The [[""filename""|""relative:///tools/hex2hcd.c:190:13:190:22""]] being operated upon was previously [[""checked""|""relative:///tools/hex2hcd.c:178:6:178:9""]], but the underlying file may have been changed since then.
The [[""filename""|""relative:///tools/hex2hcd.c:190:13:190:22""]] being operated upon was previously [[""checked""|""relative:///tools/hex2hcd.c:184:6:184:7""]], but the underlying file may have been changed since then.","/tools/hex2hcd.c","190","7","190","11"
"Time-of-check time-of-use filesystem race condition","Separately checking the state of a file before operating on it may allow an attacker to modify the file between the two operations.","warning","The [[""filename""|""relative:///tools/seq2bseq.c:112:13:112:22""]] being operated upon was previously [[""checked""|""relative:///tools/seq2bseq.c:100:6:100:9""]], but the underlying file may have been changed since then.
The [[""filename""|""relative:///tools/seq2bseq.c:112:13:112:22""]] being operated upon was previously [[""checked""|""relative:///tools/seq2bseq.c:106:6:106:7""]], but the underlying file may have been changed since then.","/tools/seq2bseq.c","112","7","112","11"
"Conditionally uninitialized variable","An initialization function is used to initialize a local variable, but the returned status code is not checked. The variable may be left in an uninitialized state, and reading the variable may result in undefined behavior.","warning","The status of this call to [[""g_obex_header_get_bytes""|""relative:///gobex/gobex-header.c:312:10:312:32""]] is not checked, potentially leaving [[""len""|""relative:///gobex/gobex-transfer.c:330:8:330:10""]] uninitialized.","/gobex/gobex-transfer.c","344","2","344","24"
"Conditionally uninitialized variable","An initialization function is used to initialize a local variable, but the returned status code is not checked. The variable may be left in an uninitialized state, and reading the variable may result in undefined behavior.","warning","The status of this call to [[""g_obex_header_get_bytes""|""relative:///gobex/gobex-header.c:312:10:312:32""]] is not checked, potentially leaving [[""len""|""relative:///gobex/gobex-transfer.c:164:8:164:10""]] uninitialized.","/gobex/gobex-transfer.c","169","2","169","24"
"Conditionally uninitialized variable","An initialization function is used to initialize a local variable, but the returned status code is not checked. The variable may be left in an uninitialized state, and reading the variable may result in undefined behavior.","warning","The status of this call to [[""g_obex_header_get_uint32""|""relative:///gobex/gobex-header.c:359:10:359:33""]] is not checked, potentially leaving [[""id""|""relative:///gobex/gobex.c:1145:10:1145:11""]] uninitialized.","/gobex/gobex.c","1154","2","1154","25"
"Conditionally uninitialized variable","An initialization function is used to initialize a local variable, but the returned status code is not checked. The variable may be left in an uninitialized state, and reading the variable may result in undefined behavior.","warning","The status of this call to [[""g_obex_header_get_uint8""|""relative:///gobex/gobex-header.c:344:10:344:32""]] is not checked, potentially leaving [[""srm""|""relative:///gobex/gobex.c:396:10:396:12""]] uninitialized.","/gobex/gobex.c","397","3","397","25"
"Conditionally uninitialized variable","An initialization function is used to initialize a local variable, but the returned status code is not checked. The variable may be left in an uninitialized state, and reading the variable may result in undefined behavior.","warning","The status of this call to [[""g_obex_header_get_uint8""|""relative:///gobex/gobex-header.c:344:10:344:32""]] is not checked, potentially leaving [[""srmp""|""relative:///gobex/gobex.c:405:10:405:13""]] uninitialized.","/gobex/gobex.c","406","3","406","25"
"Conditionally uninitialized variable","An initialization function is used to initialize a local variable, but the returned status code is not checked. The variable may be left in an uninitialized state, and reading the variable may result in undefined behavior.","warning","The status of this call to [[""g_obex_header_get_bytes""|""relative:///gobex/gobex-header.c:312:10:312:32""]] is not checked, potentially leaving [[""len""|""relative:///obexd/client/transfer.c:675:8:675:10""]] uninitialized.","/obexd/client/transfer.c","713","3","713","25"
"Conditionally uninitialized variable","An initialization function is used to initialize a local variable, but the returned status code is not checked. The variable may be left in an uninitialized state, and reading the variable may result in undefined behavior.","warning","The status of this call to [[""bt_string_to_uuid""|""relative:///lib/uuid.c:252:5:252:21""]] is not checked, potentially leaving [[""deviceinfo_uuid""|""relative:///profiles/deviceinfo/deviceinfo.c:116:12:116:26""]] uninitialized.","/profiles/deviceinfo/deviceinfo.c","122","2","122","18"
"Conditionally uninitialized variable","An initialization function is used to initialize a local variable, but the returned status code is not checked. The variable may be left in an uninitialized state, and reading the variable may result in undefined behavior.","warning","The status of this call to [[""bt_string_to_uuid""|""relative:///lib/uuid.c:252:5:252:21""]] is not checked, potentially leaving [[""pnpid_uuid""|""relative:///profiles/deviceinfo/deviceinfo.c:73:18:73:27""]] uninitialized.","/profiles/deviceinfo/deviceinfo.c","75","2","75","18"
"Conditionally uninitialized variable","An initialization function is used to initialize a local variable, but the returned status code is not checked. The variable may be left in an uninitialized state, and reading the variable may result in undefined behavior.","warning","The status of this call to [[""bt_string_to_uuid""|""relative:///lib/uuid.c:252:5:252:21""]] is not checked, potentially leaving [[""pnpid_uuid""|""relative:///profiles/deviceinfo/dis.c:83:12:83:21""]] uninitialized.","/profiles/deviceinfo/dis.c","94","2","94","18"
"Conditionally uninitialized variable","An initialization function is used to initialize a local variable, but the returned status code is not checked. The variable may be left in an uninitialized state, and reading the variable may result in undefined behavior.","warning","The status of this call to [[""gatt_db_attribute_get_char_data""|""relative:///src/shared/gatt-db.c:1729:6:1729:36""]] is not checked, potentially leaving [[""uuid""|""relative:///profiles/input/hog-lib.c:1355:12:1355:15""]] uninitialized.
The status of this call to [[""gatt_db_attribute_get_char_data""|""relative:///src/shared/gatt-db.c:1729:6:1729:36""]] is not checked, potentially leaving [[""value_handle""|""relative:///profiles/input/hog-lib.c:1357:19:1357:30""]] uninitialized.","/profiles/input/hog-lib.c","1360","2","1360","32"
"Conditionally uninitialized variable","An initialization function is used to initialize a local variable, but the returned status code is not checked. The variable may be left in an uninitialized state, and reading the variable may result in undefined behavior.","warning","The status of this call to [[""bt_string_to_uuid""|""relative:///lib/uuid.c:252:5:252:21""]] is not checked, potentially leaving [[""scan_parameters_uuid""|""relative:///profiles/scanparam/scan.c:176:12:176:31""]] uninitialized.","/profiles/scanparam/scan.c","191","2","191","18"
"Conditionally uninitialized variable","An initialization function is used to initialize a local variable, but the returned status code is not checked. The variable may be left in an uninitialized state, and reading the variable may result in undefined behavior.","warning","The status of this call to [[""gatt_db_attribute_get_service_handles""|""relative:///src/shared/gatt-db.c:1625:6:1625:42""]] is not checked, potentially leaving [[""start""|""relative:///src/device.c:4023:11:4023:15""]] uninitialized.
The status of this call to [[""gatt_db_attribute_get_service_handles""|""relative:///src/shared/gatt-db.c:1625:6:1625:42""]] is not checked, potentially leaving [[""end""|""relative:///src/device.c:4023:18:4023:20""]] uninitialized.","/src/device.c","4025","2","4025","38"
"Conditionally uninitialized variable","An initialization function is used to initialize a local variable, but the returned status code is not checked. The variable may be left in an uninitialized state, and reading the variable may result in undefined behavior.","warning","The status of this call to [[""gatt_db_attribute_get_service_uuid""|""relative:///src/shared/gatt-db.c:1594:6:1594:39""]] is not checked, potentially leaving [[""uuid""|""relative:///src/device.c:3963:12:3963:15""]] uninitialized.","/src/device.c","3967","2","3967","35"
"Conditionally uninitialized variable","An initialization function is used to initialize a local variable, but the returned status code is not checked. The variable may be left in an uninitialized state, and reading the variable may result in undefined behavior.","warning","The status of this call to [[""gatt_db_attribute_get_service_uuid""|""relative:///src/shared/gatt-db.c:1594:6:1594:39""]] is not checked, potentially leaving [[""uuid""|""relative:///src/device.c:3900:12:3900:15""]] uninitialized.","/src/device.c","3904","2","3904","35"
"Conditionally uninitialized variable","An initialization function is used to initialize a local variable, but the returned status code is not checked. The variable may be left in an uninitialized state, and reading the variable may result in undefined behavior.","warning","The status of this call to [[""bt_string_to_uuid""|""relative:///lib/uuid.c:252:5:252:21""]] is not checked, potentially leaving [[""uuid""|""relative:///src/device.c:3704:12:3704:15""]] uninitialized.","/src/device.c","3720","2","3720","18"
"Conditionally uninitialized variable","An initialization function is used to initialize a local variable, but the returned status code is not checked. The variable may be left in an uninitialized state, and reading the variable may result in undefined behavior.","warning","The status of this call to [[""bt_string_to_uuid""|""relative:///lib/uuid.c:252:5:252:21""]] is not checked, potentially leaving [[""uuid""|""relative:///src/device.c:3626:12:3626:15""]] uninitialized.","/src/device.c","3641","2","3641","18"
"Conditionally uninitialized variable","An initialization function is used to initialize a local variable, but the returned status code is not checked. The variable may be left in an uninitialized state, and reading the variable may result in undefined behavior.","warning","The status of this call to [[""bt_string_to_uuid""|""relative:///lib/uuid.c:252:5:252:21""]] is not checked, potentially leaving [[""uuid""|""relative:///src/device.c:3576:12:3576:15""]] uninitialized.","/src/device.c","3591","2","3591","18"
"Conditionally uninitialized variable","An initialization function is used to initialize a local variable, but the returned status code is not checked. The variable may be left in an uninitialized state, and reading the variable may result in undefined behavior.","warning","The status of this call to [[""gatt_db_attribute_get_service_uuid""|""relative:///src/shared/gatt-db.c:1594:6:1594:39""]] is not checked, potentially leaving [[""uuid""|""relative:///src/device.c:3532:12:3532:15""]] uninitialized.","/src/device.c","3542","2","3542","35"
"Conditionally uninitialized variable","An initialization function is used to initialize a local variable, but the returned status code is not checked. The variable may be left in an uninitialized state, and reading the variable may result in undefined behavior.","warning","The status of this call to [[""gatt_db_attribute_get_service_uuid""|""relative:///src/shared/gatt-db.c:1594:6:1594:39""]] is not checked, potentially leaving [[""uuid""|""relative:///src/device.c:2464:12:2464:15""]] uninitialized.","/src/device.c","2479","2","2479","35"
"Conditionally uninitialized variable","An initialization function is used to initialize a local variable, but the returned status code is not checked. The variable may be left in an uninitialized state, and reading the variable may result in undefined behavior.","warning","The status of this call to [[""gatt_db_attribute_get_service_handles""|""relative:///src/shared/gatt-db.c:1625:6:1625:42""]] is not checked, potentially leaving [[""start_handle""|""relative:///src/gatt-client.c:2306:11:2306:22""]] uninitialized.","/src/gatt-client.c","2311","2","2311","38"
"Conditionally uninitialized variable","An initialization function is used to initialize a local variable, but the returned status code is not checked. The variable may be left in an uninitialized state, and reading the variable may result in undefined behavior.","warning","The status of this call to [[""gatt_db_attribute_get_incl_data""|""relative:///src/shared/gatt-db.c:1770:6:1770:36""]] is not checked, potentially leaving [[""start_handle""|""relative:///src/gatt-client.c:2047:11:2047:22""]] uninitialized.","/src/gatt-client.c","2049","2","2049","32"
"Conditionally uninitialized variable","An initialization function is used to initialize a local variable, but the returned status code is not checked. The variable may be left in an uninitialized state, and reading the variable may result in undefined behavior.","warning","The status of this call to [[""gatt_db_attribute_get_service_data""|""relative:///src/shared/gatt-db.c:1642:6:1642:39""]] is not checked, potentially leaving [[""uuid""|""relative:///src/gatt-client.c:1862:12:1862:15""]] uninitialized.","/src/gatt-client.c","1869","2","1869","35"
"Conditionally uninitialized variable","An initialization function is used to initialize a local variable, but the returned status code is not checked. The variable may be left in an uninitialized state, and reading the variable may result in undefined behavior.","warning","The status of this call to [[""gatt_db_attribute_get_char_data""|""relative:///src/shared/gatt-db.c:1729:6:1729:36""]] is not checked, potentially leaving [[""uuid""|""relative:///src/gatt-client.c:1715:12:1715:15""]] uninitialized.","/src/gatt-client.c","1722","2","1722","32"
"Conditionally uninitialized variable","An initialization function is used to initialize a local variable, but the returned status code is not checked. The variable may be left in an uninitialized state, and reading the variable may result in undefined behavior.","warning","The status of this call to [[""gatt_db_attribute_get_service_uuid""|""relative:///src/shared/gatt-db.c:1594:6:1594:39""]] is not checked, potentially leaving [[""uuid""|""relative:///src/gatt-database.c:776:12:776:15""]] uninitialized.","/src/gatt-database.c","780","2","780","35"
"Conditionally uninitialized variable","An initialization function is used to initialize a local variable, but the returned status code is not checked. The variable may be left in an uninitialized state, and reading the variable may result in undefined behavior.","warning","The status of this call to [[""bt_gatt_iter_next_read_by_type""|""relative:///src/shared/gatt-helpers.c:430:6:430:35""]] is not checked, potentially leaving [[""value""|""relative:///src/shared/gatt-client.c:1461:17:1461:21""]] uninitialized.","/src/shared/gatt-client.c","1469","2","1469","31"
"Conditionally uninitialized variable","An initialization function is used to initialize a local variable, but the returned status code is not checked. The variable may be left in an uninitialized state, and reading the variable may result in undefined behavior.","warning","The status of this call to [[""bt_gatt_iter_next_read_by_type""|""relative:///src/shared/gatt-helpers.c:430:6:430:35""]] is not checked, potentially leaving [[""len""|""relative:///src/shared/gatt-client.c:1370:11:1370:13""]] uninitialized.","/src/shared/gatt-client.c","1377","2","1377","31"
"Conditionally uninitialized variable","An initialization function is used to initialize a local variable, but the returned status code is not checked. The variable may be left in an uninitialized state, and reading the variable may result in undefined behavior.","warning","The status of this call to [[""gatt_db_attribute_get_service_uuid""|""relative:///src/shared/gatt-db.c:1594:6:1594:39""]] is not checked, potentially leaving [[""svc_uuid""|""relative:///src/shared/gatt-db.c:1555:12:1555:19""]] uninitialized.","/src/shared/gatt-db.c","1557","2","1557","35"
"Conditionally uninitialized variable","An initialization function is used to initialize a local variable, but the returned status code is not checked. The variable may be left in an uninitialized state, and reading the variable may result in undefined behavior.","warning","The status of this call to [[""gatt_db_attribute_get_service_uuid""|""relative:///src/shared/gatt-db.c:1594:6:1594:39""]] is not checked, potentially leaving [[""uuid""|""relative:///src/shared/gatt-db.c:1318:12:1318:15""]] uninitialized.","/src/shared/gatt-db.c","1321","3","1321","36"
"Conditionally uninitialized variable","An initialization function is used to initialize a local variable, but the returned status code is not checked. The variable may be left in an uninitialized state, and reading the variable may result in undefined behavior.","warning","The status of this call to [[""gatt_db_attribute_get_service_uuid""|""relative:///src/shared/gatt-db.c:1594:6:1594:39""]] is not checked, potentially leaving [[""value""|""relative:///src/shared/gatt-db.c:698:13:698:17""]] uninitialized.","/src/shared/gatt-db.c","705","3","705","36"
"Conditionally uninitialized variable","An initialization function is used to initialize a local variable, but the returned status code is not checked. The variable may be left in an uninitialized state, and reading the variable may result in undefined behavior.","warning","The status of this call to [[""gatt_db_attribute_get_service_data""|""relative:///src/shared/gatt-db.c:1642:6:1642:39""]] is not checked, potentially leaving [[""handle""|""relative:///src/shared/gatt-server.c:658:11:658:16""]] uninitialized.
The status of this call to [[""gatt_db_attribute_get_service_data""|""relative:///src/shared/gatt-db.c:1642:6:1642:39""]] is not checked, potentially leaving [[""end_handle""|""relative:///src/shared/gatt-server.c:658:19:658:28""]] uninitialized.","/src/shared/gatt-server.c","671","2","671","35"
"Conditionally uninitialized variable","An initialization function is used to initialize a local variable, but the returned status code is not checked. The variable may be left in an uninitialized state, and reading the variable may result in undefined behavior.","warning","The status of this call to [[""get_uuid_le""|""relative:///src/shared/gatt-server.c:147:13:147:23""]] is not checked, potentially leaving [[""type""|""relative:///src/shared/gatt-server.c:469:12:469:15""]] uninitialized.","/src/shared/gatt-server.c","484","2","484","12"
"Conditionally uninitialized variable","An initialization function is used to initialize a local variable, but the returned status code is not checked. The variable may be left in an uninitialized state, and reading the variable may result in undefined behavior.","warning","The status of this call to [[""get_uuid_le""|""relative:///src/shared/gatt-server.c:147:13:147:23""]] is not checked, potentially leaving [[""type""|""relative:///src/shared/gatt-server.c:242:12:242:15""]] uninitialized.","/src/shared/gatt-server.c","260","2","260","12"
"Conditionally uninitialized variable","An initialization function is used to initialize a local variable, but the returned status code is not checked. The variable may be left in an uninitialized state, and reading the variable may result in undefined behavior.","warning","The status of this call to [[""gatt_db_attribute_get_service_uuid""|""relative:///src/shared/gatt-db.c:1594:6:1594:39""]] is not checked, potentially leaving [[""uuid""|""relative:///tools/btgatt-client.c:260:12:260:15""]] uninitialized.","/tools/btgatt-client.c","269","2","269","35"
"Conditionally uninitialized variable","An initialization function is used to initialize a local variable, but the returned status code is not checked. The variable may be left in an uninitialized state, and reading the variable may result in undefined behavior.","warning","The status of this call to [[""gatt_db_attribute_get_service_uuid""|""relative:///src/shared/gatt-db.c:1594:6:1594:39""]] is not checked, potentially leaving [[""uuid""|""relative:///tools/btgatt-client.c:144:12:144:15""]] uninitialized.","/tools/btgatt-client.c","147","2","147","35"
"Conditionally uninitialized variable","An initialization function is used to initialize a local variable, but the returned status code is not checked. The variable may be left in an uninitialized state, and reading the variable may result in undefined behavior.","warning","The status of this call to [[""gatt_db_attribute_get_service_uuid""|""relative:///src/shared/gatt-db.c:1594:6:1594:39""]] is not checked, potentially leaving [[""uuid""|""relative:///tools/btgatt-server.c:899:12:899:15""]] uninitialized.","/tools/btgatt-server.c","908","2","908","35"
"Conditionally uninitialized variable","An initialization function is used to initialize a local variable, but the returned status code is not checked. The variable may be left in an uninitialized state, and reading the variable may result in undefined behavior.","warning","The status of this call to [[""g_obex_header_get_bytes""|""relative:///gobex/gobex-header.c:312:10:312:32""]] is not checked, potentially leaving [[""type""|""relative:///tools/obex-server-tool.c:166:14:166:17""]] uninitialized.
The status of this call to [[""g_obex_header_get_bytes""|""relative:///gobex/gobex-header.c:312:10:312:32""]] is not checked, potentially leaving [[""type_len""|""relative:///tools/obex-server-tool.c:168:8:168:15""]] uninitialized.","/tools/obex-server-tool.c","172","3","172","25"
"Conditionally uninitialized variable","An initialization function is used to initialize a local variable, but the returned status code is not checked. The variable may be left in an uninitialized state, and reading the variable may result in undefined behavior.","warning","The status of this call to [[""g_obex_header_get_unicode""|""relative:///gobex/gobex-header.c:297:10:297:34""]] is not checked, potentially leaving [[""name""|""relative:///tools/obex-server-tool.c:166:21:166:24""]] uninitialized.","/tools/obex-server-tool.c","183","3","183","27"
"Conditionally uninitialized variable","An initialization function is used to initialize a local variable, but the returned status code is not checked. The variable may be left in an uninitialized state, and reading the variable may result in undefined behavior.","warning","The status of this call to [[""g_obex_header_get_bytes""|""relative:///gobex/gobex-header.c:312:10:312:32""]] is not checked, potentially leaving [[""type""|""relative:///tools/obex-server-tool.c:107:14:107:17""]] uninitialized.
The status of this call to [[""g_obex_header_get_bytes""|""relative:///gobex/gobex-header.c:312:10:312:32""]] is not checked, potentially leaving [[""type_len""|""relative:///tools/obex-server-tool.c:109:8:109:15""]] uninitialized.","/tools/obex-server-tool.c","113","3","113","25"
"Conditionally uninitialized variable","An initialization function is used to initialize a local variable, but the returned status code is not checked. The variable may be left in an uninitialized state, and reading the variable may result in undefined behavior.","warning","The status of this call to [[""g_obex_header_get_unicode""|""relative:///gobex/gobex-header.c:297:10:297:34""]] is not checked, potentially leaving [[""name""|""relative:///tools/obex-server-tool.c:107:21:107:24""]] uninitialized.","/tools/obex-server-tool.c","124","3","124","27"
"Suspicious pointer scaling to void","Implicit scaling of pointer arithmetic expressions can cause buffer overflow conditions.","warning","This pointer might have type [[""unsigned char""|""relative:///attrib/gattrib.c:291:62:291:64""]] (size 1), but the pointer arithmetic here is done with type void","/attrib/gattrib.c","320","54","320","56"
"Suspicious pointer scaling to void","Implicit scaling of pointer arithmetic expressions can cause buffer overflow conditions.","warning","This pointer might have type [[""unsigned char""|""relative:///profiles/audio/avctp.c:686:28:686:33""]] (size 1), but the pointer arithmetic here is done with type void","/profiles/audio/avctp.c","687","17","687","21"
"Suspicious pointer scaling","Implicit scaling of pointer arithmetic expressions can cause buffer overflow conditions.","warning","This pointer might have type [[""struct <unnamed>""|""relative:///src/adapter.c:3529:20:3529:39""]] (size 16), but the pointer arithmetic here is done with type uint64_t * (size 8).","/src/adapter.c","3531","42","3531","44"
"Exposure of system data to an unauthorized control sphere","Exposing system data or debugging information helps an adversary learn about the system and form an attack plan.","warning","This operation exposes system data from [[""call to getenv""|""relative:///profiles/cups/main.c:787:15:787:20""]].","/profiles/cups/main.c","789","2","789","8"
"Use of potentially dangerous function","Use of a standard library function that is not thread-safe.","warning","Call to gmtime is potentially dangerous","/obexd/plugins/filesystem.c","129","40","129","45"
"Use of potentially dangerous function","Use of a standard library function that is not thread-safe.","warning","Call to gmtime is potentially dangerous","/obexd/plugins/filesystem.c","130","40","130","45"
"Use of potentially dangerous function","Use of a standard library function that is not thread-safe.","warning","Call to gmtime is potentially dangerous","/obexd/plugins/filesystem.c","131","40","131","45"
"Use of potentially dangerous function","Use of a standard library function that is not thread-safe.","warning","Call to localtime is potentially dangerous","/obexd/plugins/mas.c","233","22","233","30"
"Use of potentially dangerous function","Use of a standard library function that is not thread-safe.","warning","Call to gmtime is potentially dangerous","/obexd/plugins/mas.c","234","12","234","17"
"Use of potentially dangerous function","Use of a standard library function that is not thread-safe.","warning","Call to ctime is potentially dangerous","/obexd/src/obex.c","757","18","757","22"
"File created without restricting permissions","Creating a file that is world-writable can allow an attacker to write to the file.","warning","This sets a file's permissions to 0666, which would make it world-writable.","/tools/btproxy.c","650","6","650","10"
"File created without restricting permissions","Creating a file that is world-writable can allow an attacker to write to the file.","warning","A file may be created here with mode 0666, which would make it world-writable.","/tools/create-image.c","181","7","181","11"
"File created without restricting permissions","Creating a file that is world-writable can allow an attacker to write to the file.","warning","A file may be created here with mode 0666, which would make it world-writable.","/tools/test-runner.c","386","7","386","11"
